Population_density,Agricultural_Land,Land_Area,Armed_Forces_size,Birth_Rate,Co2_Emissions,CPI,CPI_Change,Fertility_Rate,Forested_Area,Gasoline_Price,GDP,GPEM,GTEE,Infant_mortality,Life_expectancy,Maternal_mortality_ratio,Minimum_wage,Out_of_pocket_health_expenditure,Physicians_per_thousand,Population,LFPR,Tax_revenue ,tax_rate,Unemployment_rate,Urban_population
60.00,0.58,"652,230.00","323,000.00",32.49,"8,672.00",149.90,0.02,4.47,0.02,0.70,"19,101,353,833.00",1.04,0.10,47.90,64.50,638.00,0.43,0.78,0.28,"38,041,754.00",0.49,0.09,0.71,0.11,"9,797,273.00"
105.00,0.43,"28,748.00","9,000.00",11.78,"4,536.00",119.05,0.01,1.62,0.28,1.36,"15,278,077,447.00",1.07,0.55,7.80,78.50,15.00,1.12,0.57,1.20,"2,854,191.00",0.56,0.19,0.37,0.12,"1,747,593.00"
18.00,0.17,"2,381,741.00","317,000.00",24.28,"150,006.00",151.36,0.02,3.02,0.01,0.28,"169,988,236,398.00",1.10,0.51,20.10,76.70,112.00,0.95,0.28,1.72,"43,053,054.00",0.41,0.37,0.66,0.12,"31,510,100.00"
164.00,0.40,468.00,,7.20,469.00,,,1.27,0.34,1.51,"3,154,057,987.00",1.06,,2.70,,,6.63,0.36,3.33,"77,142.00",,,,,"67,873.00"
26.00,0.48,"1,246,700.00","117,000.00",40.73,"34,693.00",261.73,0.17,5.52,0.46,0.97,"94,635,415,870.00",1.14,0.09,51.60,60.80,241.00,0.71,0.33,0.21,"31,825,295.00",0.78,0.09,0.49,0.07,"21,061,025.00"
223.00,0.21,443.00,0.00,15.33,557.00,113.81,0.01,1.99,0.22,0.99,"1,727,759,259.00",1.05,0.25,5.00,76.90,42.00,3.04,0.24,2.76,"97,118.00",,0.17,0.43,,"23,800.00"
17.00,0.54,"2,780,400.00","105,000.00",17.02,"201,348.00",232.75,0.54,2.26,0.10,1.10,"449,663,446,954.00",1.10,0.90,8.80,76.50,39.00,3.35,0.18,3.96,"44,938,712.00",0.61,0.10,1.06,0.10,"41,339,571.00"
104.00,0.59,"29,743.00","49,000.00",13.99,"5,156.00",129.18,0.01,1.76,0.12,0.77,"13,672,802,158.00",0.93,0.55,11.00,74.90,26.00,0.66,0.82,4.40,"2,957,731.00",0.56,0.21,0.23,0.17,"1,869,848.00"
3.00,0.48,"7,741,220.00","58,000.00",12.60,"375,908.00",119.80,0.02,1.74,0.16,0.93,"1,392,680,589,329.00",1.00,1.13,3.10,82.70,6.00,13.59,0.20,3.68,"25,766,605.00",0.66,0.23,0.47,0.05,"21,844,756.00"
109.00,0.32,"83,871.00","21,000.00",9.70,"61,448.00",118.06,0.02,1.47,0.47,1.20,"446,314,739,528.00",1.03,0.85,2.90,81.60,5.00,,0.18,5.17,"8,877,067.00",0.61,0.25,0.51,0.05,"5,194,416.00"
123.00,0.58,"86,600.00","82,000.00",14.00,"37,620.00",156.32,0.03,1.73,0.14,0.56,"39,207,000,000.00",1.00,0.28,19.20,72.90,26.00,0.47,0.79,3.45,"10,023,318.00",0.67,0.13,0.41,0.06,"5,616,165.00"
39.00,0.01,"13,880.00","1,000.00",13.97,"1,786.00",116.22,0.03,1.75,0.51,0.92,"12,827,000,000.00",0.81,0.15,8.30,73.80,70.00,5.25,0.28,1.94,"389,482.00",0.75,0.15,0.34,0.10,"323,784.00"
"2,239.00",0.11,765.00,"19,000.00",13.99,"31,694.00",117.59,0.02,1.99,0.01,0.43,"38,574,069,149.00",0.99,0.51,6.10,77.20,14.00,,0.25,0.93,"1,501,635.00",0.73,0.04,0.14,0.01,"1,467,109.00"
"1,265.00",0.71,"148,460.00","221,000.00",18.18,"84,246.00",179.68,0.06,2.04,0.11,1.12,"302,571,254,131.00",1.17,0.21,25.10,72.30,173.00,0.51,0.72,0.58,"167,310,838.00",0.59,0.09,0.33,0.04,"60,987,417.00"
668.00,0.23,430.00,"1,000.00",10.65,"1,276.00",134.09,0.04,1.62,0.15,1.81,"5,209,000,000.00",0.99,0.65,11.30,79.10,27.00,3.13,0.45,2.48,"287,025.00",0.65,0.28,0.36,0.10,"89,431.00"
47.00,0.42,"207,600.00","155,000.00",9.90,"58,280.00",,0.06,1.45,0.43,0.60,"63,080,457,023.00",1.01,0.87,2.60,74.20,2.00,1.49,0.35,5.19,"9,466,856.00",0.64,0.15,0.53,0.05,"7,482,982.00"
383.00,0.45,"30,528.00","32,000.00",10.30,"96,889.00",117.11,0.01,1.62,0.23,1.43,"529,606,710,418.00",1.04,0.80,2.90,81.60,5.00,10.31,0.18,3.07,"11,484,055.00",0.54,0.24,0.55,0.06,"11,259,082.00"
17.00,0.07,"22,966.00","2,000.00",20.79,568.00,105.68,-0.01,2.31,0.60,1.13,"1,879,613,600.00",1.12,0.25,11.20,74.50,36.00,1.65,0.23,1.12,"390,353.00",0.65,0.26,0.31,0.06,"179,039.00"
108.00,0.33,"112,622.00","12,000.00",36.22,"6,476.00",110.71,-0.01,4.84,0.38,0.72,"14,390,709,095.00",1.22,0.12,60.50,61.50,397.00,0.39,0.41,0.08,"11,801,151.00",0.71,0.11,0.49,0.02,"5,648,149.00"
20.00,0.14,"38,394.00","6,000.00",17.26,"1,261.00",167.18,0.03,1.98,0.73,0.98,"2,446,674,101.00",1.00,0.16,24.80,71.50,183.00,0.32,0.20,0.42,"727,145.00",0.67,0.16,0.35,0.02,"317,538.00"
11.00,0.35,"1,098,581.00","71,000.00",21.75,"21,606.00",148.32,0.02,2.73,0.50,0.71,"40,895,322,865.00",0.98,,21.80,71.20,155.00,1.36,0.26,1.59,"11,513,100.00",0.72,0.17,0.84,0.04,"8,033,035.00"
64.00,0.43,"51,197.00","11,000.00",8.11,"21,848.00",104.90,0.01,1.27,0.43,1.05,"20,047,848,435.00",,0.23,5.00,77.30,10.00,1.04,0.29,2.16,"3,301,000.00",0.46,0.20,0.24,0.18,"1,605,144.00"
4.00,0.46,"581,730.00","9,000.00",24.82,"6,340.00",149.75,0.03,2.87,0.19,0.71,"18,340,510,789.00",1.03,0.25,30.00,69.30,144.00,0.29,0.05,0.37,"2,346,179.00",0.71,0.20,0.25,0.18,"1,616,550.00"
25.00,0.34,"8,515,770.00","730,000.00",13.92,"462,299.00",167.40,0.04,1.73,0.59,1.02,"1,839,758,040,766.00",1.15,0.51,12.80,75.70,60.00,1.53,0.28,2.15,"212,559,417.00",0.64,0.14,0.65,0.12,"183,241,641.00"
83.00,0.03,"5,765.00","8,000.00",14.90,"7,664.00",99.03,0.00,1.85,0.72,0.37,"13,469,422,941.00",1.03,0.31,9.80,75.70,31.00,,0.06,1.61,"433,285.00",0.65,,0.08,0.09,"337,711.00"
64.00,0.46,"110,879.00","31,000.00",8.90,"41,708.00",114.42,0.03,1.56,0.35,1.11,"86,000,000,000.00",0.89,0.71,5.90,74.90,10.00,1.57,0.48,4.03,"6,975,761.00",0.55,0.20,0.28,0.04,"5,256,027.00"
76.00,0.44,"274,200.00","11,000.00",37.93,"3,418.00",106.58,-0.03,5.19,0.19,0.98,"15,745,810,235.00",0.96,0.07,49.00,61.20,320.00,0.34,0.36,0.08,"20,321,378.00",0.66,0.15,0.41,0.06,"6,092,349.00"
463.00,0.79,"27,830.00","31,000.00",39.01,495.00,182.11,-0.01,5.41,0.11,1.21,"3,012,334,882.00",1.21,0.06,41.00,61.20,548.00,,0.19,0.10,"11,530,580.00",0.79,0.14,0.41,0.01,"1,541,177.00"
83.00,0.65,"322,463.00","27,000.00",35.74,"9,674.00",111.61,-0.01,4.65,0.33,0.93,"58,792,205,642.00",1.00,0.09,59.40,57.40,617.00,0.36,0.36,0.23,"25,716,544.00",0.57,0.12,0.50,0.03,"13,176,900.00"
138.00,0.20,"4,033.00","1,000.00",19.49,543.00,110.50,0.01,2.27,0.23,1.02,"1,981,845,741.00",1.04,0.24,16.70,72.80,58.00,0.68,0.23,0.77,"483,628.00",0.61,0.20,0.38,0.12,"364,029.00"
95.00,0.31,"181,035.00","191,000.00",22.46,"9,919.00",127.63,0.03,2.50,0.53,0.90,"27,089,389,787.00",1.07,0.14,24.00,69.60,160.00,,0.59,0.17,"16,486,542.00",0.82,0.17,0.23,0.01,"3,924,621.00"
56.00,0.21,"475,440.00","24,000.00",35.39,"8,291.00",118.65,0.03,4.57,0.39,1.03,"38,760,467,033.00",1.03,0.13,50.60,58.90,529.00,0.35,0.70,0.09,"25,876,380.00",0.76,0.13,0.58,0.03,"14,741,256.00"
4.00,0.07,"9,984,670.00","72,000.00",10.10,"544,894.00",116.76,0.02,1.50,0.38,0.81,"1,736,425,629,520.00",1.01,0.69,4.30,81.90,10.00,9.51,0.15,2.61,"36,991,981.00",0.65,0.13,0.25,0.06,"30,628,482.00"
8.00,0.08,"622,984.00","8,000.00",35.35,297.00,186.86,0.37,4.72,0.36,1.41,"2,220,307,369.00",1.02,0.03,84.50,52.80,829.00,0.37,0.40,0.06,"4,745,185.00",0.72,0.09,0.73,0.04,"1,982,064.00"
13.00,0.40,"1,284,000.00","35,000.00",42.17,"1,016.00",117.70,-0.01,5.75,0.04,0.78,"11,314,951,343.00",0.87,0.03,71.40,54.00,"1,140.00",0.60,0.56,0.04,"15,946,876.00",0.71,,0.64,0.02,"3,712,273.00"
26.00,0.21,"756,096.00","122,000.00",12.43,"85,822.00",131.91,0.03,1.65,0.24,1.03,"282,318,159,745.00",1.01,0.89,6.20,80.00,13.00,2.00,0.32,2.59,"18,952,038.00",0.63,0.18,0.34,0.07,"16,610,135.00"
153.00,0.56,"9,596,960.00","2,695,000.00",10.90,"9,893,038.00",125.08,0.03,1.69,0.22,0.96,"19,910,000,000,000.00",1.00,0.51,7.40,77.00,29.00,0.87,0.32,1.98,"1,397,715,000.00",0.68,0.09,0.59,0.04,"842,933,962.00"
46.00,0.40,"1,138,910.00","481,000.00",14.88,"97,814.00",140.95,0.04,1.81,0.53,0.68,"323,802,808,108.00",1.15,0.55,12.20,77.10,83.00,1.23,0.18,2.18,"50,339,443.00",0.69,0.14,0.71,0.10,"40,827,302.00"
467.00,0.72,"2,235.00",,31.88,202.00,103.62,-0.04,4.21,0.20,,"1,185,728,677.00",1.00,0.09,51.30,64.10,273.00,0.71,0.75,0.27,"850,886.00",0.43,,2.20,0.04,"248,152.00"
16.00,0.31,"342,000.00","12,000.00",32.86,"3,282.00",124.74,0.02,4.43,0.65,0.97,"10,820,591,131.00",1.07,0.13,36.20,64.30,378.00,0.88,0.44,0.12,"5,380,508.00",0.69,0.09,0.54,0.09,"3,625,010.00"
100.00,0.35,"51,100.00","10,000.00",13.97,"8,023.00",128.85,0.02,1.75,0.55,0.98,"61,773,944,174.00",1.13,0.55,7.60,80.10,27.00,1.84,0.22,2.89,"5,047,561.00",0.62,0.14,0.58,0.12,"4,041,885.00"
73.00,0.28,"56,594.00","18,000.00",9.00,"17,488.00",109.82,0.01,1.47,0.34,1.26,"60,415,553,039.00",0.97,0.68,4.00,78.10,8.00,2.92,0.15,3.00,"4,067,500.00",0.51,0.22,0.21,0.07,"2,328,318.00"
106.00,0.60,"110,860.00","76,000.00",10.17,"28,284.00",,,1.62,0.31,1.40,"100,023,000,000.00",1.02,0.41,3.70,78.70,36.00,0.05,,8.42,"11,333,483.00",0.54,,,0.02,"8,739,135.00"
131.00,0.12,"9,251.00","16,000.00",10.46,"6,626.00",102.51,0.00,1.33,0.19,1.23,"24,564,647,935.00",0.99,0.76,1.90,80.80,6.00,,0.44,1.95,"1,198,575.00",0.63,0.25,0.22,0.07,"800,708.00"
139.00,0.45,"78,867.00","23,000.00",10.70,"102,218.00",116.48,0.03,1.69,0.35,1.17,"246,489,245,495.00",1.01,0.64,2.70,79.00,3.00,3.00,0.15,4.12,"10,669,709.00",0.61,0.15,0.46,0.02,"7,887,156.00"
40.00,0.12,"2,344,858.00","134,000.00",41.18,"2,021.00",133.85,0.03,5.92,0.67,1.49,"47,319,624,204.00",1.08,0.07,68.20,60.40,473.00,0.18,0.37,0.07,"86,790,567.00",0.64,0.11,0.51,0.04,"39,095,679.00"
137.00,0.62,"43,094.00","15,000.00",10.60,"31,786.00",110.35,0.01,1.73,0.15,1.55,"348,078,018,464.00",1.01,0.81,3.60,81.00,4.00,,0.14,4.01,"5,818,553.00",0.62,0.32,0.24,0.05,"5,119,978.00"
43.00,0.73,"23,200.00","13,000.00",21.47,620.00,120.25,0.03,2.73,0.00,1.32,"3,318,716,359.00",0.75,0.05,49.80,66.60,248.00,,0.20,0.22,"973,560.00",0.60,,0.38,0.10,"758,549.00"
96.00,0.33,751.00,,12.00,180.00,103.87,0.01,1.90,0.57,,"596,033,333.00",1.15,0.07,32.90,76.60,,1.48,0.28,1.08,"71,808.00",,0.22,0.33,,"50,830.00"
225.00,0.49,"48,670.00","71,000.00",19.51,"25,258.00",135.50,0.02,2.35,0.42,1.07,"88,941,298,258.00",1.06,0.60,24.10,73.90,95.00,0.40,0.44,1.56,"10,738,958.00",0.64,0.13,0.49,0.06,"8,787,475.00"
71.00,0.22,"283,561.00","41,000.00",19.72,"41,155.00",124.14,0.00,2.43,0.50,0.61,"107,435,665,000.00",1.03,0.45,12.20,76.80,59.00,2.46,0.44,2.04,"17,373,662.00",0.68,,0.34,0.04,"11,116,711.00"
103.00,0.04,"1,001,450.00","836,000.00",26.38,"238,560.00",288.57,0.09,3.33,0.00,0.40,"303,175,127,598.00",1.06,0.35,18.10,71.80,37.00,,0.62,0.45,"100,388,073.00",0.46,0.13,0.44,0.11,"42,895,824.00"
313.00,0.76,"21,041.00","42,000.00",18.25,"7,169.00",111.23,0.00,2.04,0.13,0.83,"27,022,640,000.00",0.95,0.29,11.80,73.10,46.00,0.50,0.28,1.57,"6,453,553.00",0.59,0.18,0.36,0.04,"4,694,702.00"
50.00,0.10,"28,051.00","1,000.00",33.24,"5,655.00",124.35,0.01,4.51,0.56,,"11,026,774,945.00",0.62,0.02,62.60,58.40,301.00,1.05,0.72,0.40,"1,355,986.00",0.62,0.06,0.79,0.06,"984,812.00"
35.00,0.75,"117,600.00","202,000.00",30.30,711.00,,,4.06,0.15,2.00,"2,065,001,626.00",0.68,0.03,31.30,65.90,480.00,,0.52,0.06,"6,333,135.00",0.78,,0.84,0.05,"1,149,670.00"
31.00,0.23,"45,228.00","6,000.00",10.90,"16,590.00",122.14,0.02,1.59,0.51,1.14,"31,386,949,981.00",0.97,0.70,2.10,78.20,9.00,3.14,0.23,4.48,"1,331,824.00",0.64,0.21,0.48,0.05,"916,024.00"
67.00,,"17,364.00",,,,,,,,,"3,791,304,348.00",,,,,,,0.11,,"1,093,238.00",,0.29,,,
115.00,0.36,"1,104,300.00","138,000.00",32.34,"14,870.00",143.86,0.16,4.25,0.13,0.75,"96,107,662,398.00",1.01,0.08,39.10,66.20,401.00,,0.38,0.08,"112,078,730.00",0.80,0.08,0.38,0.02,"23,788,710.00"
49.00,0.23,"18,274.00","4,000.00",21.28,"2,046.00",132.30,0.02,2.77,0.56,0.82,"5,535,548,972.00",1.06,0.16,21.60,67.30,34.00,1.28,0.21,0.84,"889,953.00",0.58,0.24,0.32,0.04,"505,048.00"
18.00,0.08,"338,145.00","25,000.00",8.60,"45,871.00",112.33,0.01,1.41,0.73,1.45,"268,761,201,365.00",1.00,0.88,1.40,81.70,3.00,,0.20,3.81,"5,520,314.00",0.59,0.21,0.37,0.07,"4,716,888.00"
119.00,0.52,"643,801.00","307,000.00",11.30,"303,276.00",110.05,0.01,1.88,0.31,1.39,"2,715,518,274,227.00",1.03,0.66,3.40,82.50,8.00,11.16,0.07,3.27,"67,059,887.00",0.55,0.24,0.61,0.08,"54,123,364.00"
9.00,0.20,"267,667.00","7,000.00",31.61,"5,321.00",122.19,0.02,3.97,0.90,0.92,"16,657,960,228.00",1.40,0.08,32.70,66.20,252.00,1.46,0.26,0.68,"2,172,579.00",0.53,0.10,0.47,0.20,"1,949,694.00"
239.00,0.60,"11,300.00","1,000.00",38.54,532.00,172.73,0.07,5.22,0.48,1.18,"1,763,819,048.00",0.98,0.03,39.00,61.70,597.00,0.13,0.20,0.10,"2,347,706.00",0.59,0.09,0.48,0.09,"1,453,958.00"
57.00,0.35,"69,700.00","26,000.00",13.47,"10,128.00",133.61,0.05,2.06,0.41,0.76,"17,743,195,770.00",0.99,0.64,8.70,73.60,25.00,0.05,0.57,7.12,"3,720,382.00",0.68,0.22,0.10,0.14,"2,196,476.00"
240.00,0.48,"357,022.00","180,000.00",9.50,"727,973.00",112.85,0.01,1.56,0.33,1.39,"3,845,630,030,824.00",1.04,0.70,3.10,80.90,7.00,9.99,0.13,4.25,"83,132,799.00",0.61,0.12,0.49,0.03,"64,324,835.00"
137.00,0.69,"238,533.00","16,000.00",29.41,"16,670.00",268.36,0.07,3.87,0.41,0.92,"66,983,634,224.00",1.05,0.16,34.90,63.80,308.00,0.27,0.36,0.14,"30,792,608.00",0.68,0.13,0.55,0.04,"17,249,054.00"
81.00,0.48,"131,957.00","146,000.00",8.10,"62,434.00",101.87,0.00,1.35,0.32,1.54,"209,852,761,469.00",1.00,1.37,3.60,81.30,3.00,4.46,0.36,5.48,"10,716,322.00",0.52,0.26,0.52,0.17,"8,507,474.00"
331.00,0.24,349.00,,16.47,268.00,107.43,0.01,2.06,0.50,1.12,"1,228,170,370.00",1.07,1.05,13.70,72.40,25.00,,0.57,1.41,"112,003.00",,0.19,0.48,,"40,765.00"
167.00,0.36,"108,889.00","43,000.00",24.56,"16,777.00",142.92,0.04,2.87,0.33,0.79,"76,710,385,880.00",1.02,0.22,22.10,74.10,95.00,1.60,0.56,0.35,"16,604,026.00",0.62,0.11,0.35,0.02,"8,540,945.00"
53.00,0.59,"245,857.00","13,000.00",36.36,"2,996.00",262.95,0.10,4.70,0.26,0.90,"13,590,281,809.00",0.92,0.12,64.90,61.20,576.00,,0.55,0.08,"12,771,246.00",0.62,0.11,0.69,0.04,"4,661,505.00"
70.00,0.58,"36,125.00","4,000.00",35.13,293.00,111.65,0.01,4.48,0.70,,"1,340,389,411.00",1.19,0.03,54.00,58.00,667.00,0.16,0.37,0.13,"1,920,922.00",0.72,0.10,0.46,0.02,"840,922.00"
4.00,0.09,"214,969.00","3,000.00",19.97,"2,384.00",116.19,0.02,2.46,0.84,0.90,"4,280,443,645.00",0.98,0.12,25.10,69.80,169.00,0.98,0.41,0.80,"782,766.00",0.56,,0.31,0.12,"208,912.00"
414.00,0.67,"27,750.00",0.00,24.35,"2,978.00",179.29,0.13,2.94,0.04,0.81,"8,498,981,821.00",1.14,0.01,49.50,63.70,480.00,0.25,0.36,0.23,"11,263,077.00",0.67,,0.43,0.14,"6,328,948.00"
"2,003.00",,0.00,,,,,,,,,,,,,,,,,,836.00,,,,,
89.00,0.29,"112,090.00","23,000.00",21.60,"9,813.00",150.34,0.04,2.46,0.40,0.98,"25,095,395,475.00",0.92,0.26,15.10,75.10,65.00,1.01,0.49,0.31,"9,746,117.00",0.69,0.17,0.39,0.05,"5,626,433.00"
107.00,0.58,"93,028.00","40,000.00",9.60,"45,537.00",121.64,0.03,1.54,0.23,1.18,"160,967,157,504.00",1.01,0.49,3.60,75.80,12.00,2.62,0.29,3.41,"9,769,949.00",0.57,0.23,0.38,0.03,"6,999,582.00"
3.00,0.19,"103,000.00",0.00,12.00,"2,065.00",129.00,0.03,1.71,0.01,1.69,"24,188,035,739.00",1.00,0.72,1.50,82.70,4.00,,0.17,4.08,"361,313.00",0.75,0.23,0.32,0.03,"339,110.00"
464.00,0.60,"3,287,263.00","3,031,000.00",17.86,"2,407,672.00",180.44,0.08,2.22,0.24,0.97,"2,611,000,000,000.00",1.13,0.28,29.90,69.40,145.00,0.30,0.65,0.86,"1,366,417,754.00",0.49,0.11,0.50,0.05,"471,031,528.00"
151.00,0.32,"1,904,569.00","676,000.00",18.07,"563,325.00",151.18,0.03,2.31,0.50,0.63,"1,119,190,780,753.00",1.06,0.36,21.10,71.50,177.00,0.48,0.48,0.43,"270,203,917.00",0.68,0.10,0.30,0.05,"151,509,724.00"
52.00,0.28,"1,648,195.00","563,000.00",18.78,"661,710.00",550.93,0.40,2.14,0.07,0.40,"445,345,282,123.00",1.11,0.68,12.40,76.50,16.00,1.58,0.40,1.58,"82,913,906.00",0.45,0.07,0.45,0.11,"62,509,623.00"
93.00,0.21,"438,317.00","209,000.00",29.08,"190,061.00",119.86,0.00,3.67,0.02,0.61,"234,094,042,939.00",1.09,0.16,22.50,70.50,79.00,1.24,0.77,0.71,"39,309,783.00",0.43,0.02,0.31,0.13,"27,783,368.00"
72.00,0.65,"70,273.00","9,000.00",12.50,"37,711.00",106.58,0.01,1.75,0.11,1.37,"388,698,711,348.00",1.01,0.78,3.10,82.30,5.00,10.79,0.15,3.31,"5,007,069.00",0.62,0.18,0.26,0.05,"3,133,123.00"
400.00,0.25,"20,770.00","178,000.00",20.80,"65,166.00",108.15,0.01,3.09,0.08,1.57,"395,098,666,122.00",1.05,0.63,3.00,82.80,3.00,7.58,0.24,4.62,"9,053,300.00",0.64,0.23,0.25,0.04,"8,374,393.00"
206.00,0.43,"301,340.00","347,000.00",7.30,"320,411.00",110.62,0.01,1.29,0.32,1.61,"2,001,244,392,042.00",1.02,0.62,2.60,82.90,2.00,,0.23,3.98,"60,297,396.00",0.50,0.24,0.59,0.10,"42,651,966.00"
273.00,0.41,"10,991.00","4,000.00",16.10,"8,225.00",162.47,0.04,1.98,0.31,1.11,"16,458,071,068.00",0.91,0.27,12.40,74.40,80.00,1.33,0.24,1.31,"2,948,279.00",0.66,0.27,0.35,0.08,"1,650,594.00"
347.00,0.12,"377,944.00","261,000.00",7.40,"1,135,886.00",105.48,0.01,1.42,0.69,1.06,"5,081,769,542,380.00",0.99,0.63,1.80,84.20,5.00,6.77,0.13,2.41,"126,226,568.00",0.62,0.12,0.47,0.02,"115,782,416.00"
115.00,0.12,"89,342.00","116,000.00",21.98,"25,108.00",125.60,0.01,2.76,0.01,1.10,"43,743,661,972.00",0.82,0.34,13.90,74.40,46.00,1.49,0.25,2.32,"10,101,694.00",0.39,0.15,0.29,0.15,"9,213,048.00"
7.00,0.80,"2,724,900.00","71,000.00",21.77,"247,207.00",182.75,0.05,2.84,0.01,0.42,"180,161,741,180.00",1.04,0.62,8.80,73.20,10.00,0.41,0.39,3.25,"18,513,930.00",0.69,0.12,0.28,0.05,"10,652,915.00"
94.00,0.49,"580,367.00","29,000.00",28.75,"17,910.00",180.51,0.05,3.49,0.08,0.95,"95,503,088,538.00",1.03,0.12,30.60,66.30,342.00,0.25,0.33,0.16,"52,573,973.00",0.75,0.15,0.37,0.03,"14,461,523.00"
147.00,0.42,811.00,,27.89,66.00,99.55,0.01,3.57,0.15,,"194,647,202.00",1.01,,41.20,68.10,92.00,,0.00,0.20,"117,606.00",,0.22,0.33,,"64,489.00"
240.00,0.08,"17,818.00","25,000.00",13.94,"98,734.00",126.60,0.01,2.08,0.00,0.35,"134,761,198,946.00",0.92,0.54,6.70,75.40,12.00,0.95,0.14,2.58,"4,207,083.00",0.74,0.01,0.13,0.02,"4,207,083.00"
34.00,0.55,"199,951.00","21,000.00",27.10,"9,787.00",155.68,0.01,3.30,0.03,0.56,"8,454,619,608.00",1.08,0.41,16.90,71.40,60.00,0.09,0.48,1.88,"6,456,900.00",0.60,0.18,0.29,0.06,"2,362,644.00"
32.00,0.10,"236,800.00","129,000.00",23.55,"17,763.00",135.87,0.03,2.67,0.82,0.93,"18,173,839,128.00",1.02,0.15,37.60,67.60,185.00,0.83,0.45,0.37,"7,169,455.00",0.79,0.13,0.24,0.01,"2,555,552.00"
30.00,0.31,"64,589.00","6,000.00",10.00,"7,004.00",116.86,0.03,1.60,0.54,1.16,"34,117,202,555.00",0.99,0.88,3.30,74.70,19.00,2.80,0.42,3.19,"1,912,789.00",0.61,0.23,0.38,0.07,"1,304,943.00"
667.00,0.64,"10,400.00","80,000.00",17.55,"24,796.00",130.02,0.03,2.09,0.13,0.74,"53,367,042,272.00",0.95,0.26,6.40,78.90,29.00,2.15,0.32,2.10,"6,855,713.00",0.47,0.15,0.32,0.06,"6,084,994.00"
71.00,0.78,"30,355.00","2,000.00",26.81,"2,512.00",155.86,0.05,3.14,0.02,0.70,"2,460,072,444.00",1.21,0.10,65.70,53.70,544.00,0.41,0.17,0.07,"2,125,268.00",0.68,0.32,0.14,0.23,"607,508.00"
53.00,0.28,"111,369.00","2,000.00",33.04,"1,386.00",223.13,0.24,4.32,0.43,0.80,"3,070,518,100.00",0.85,0.12,53.50,63.70,661.00,0.17,0.20,0.04,"4,937,374.00",0.76,0.13,0.46,0.03,"2,548,426.00"
4.00,0.09,"1,759,540.00",0.00,18.83,"50,564.00",125.71,0.03,2.24,0.00,0.11,"52,076,250,948.00",1.09,0.61,10.20,72.70,72.00,1.88,0.37,2.09,"6,777,452.00",0.50,,0.33,0.19,"5,448,597.00"
238.00,0.32,160.00,,9.90,51.00,,,1.44,0.43,1.74,"6,552,858,739.00",1.05,0.36,,83.00,,,,,"38,019.00",,,0.22,,"5,464.00"
43.00,0.47,"65,300.00","34,000.00",10.00,"12,963.00",118.38,0.02,1.63,0.35,1.16,"54,219,315,600.00",1.04,0.72,3.30,75.70,8.00,2.41,0.32,6.35,"2,786,844.00",0.62,0.17,0.43,0.06,"1,891,013.00"
242.00,0.54,"2,586.00","2,000.00",10.30,"8,988.00",115.09,0.02,1.37,0.36,1.19,"71,104,919,108.00",1.02,0.19,1.90,82.10,5.00,13.05,0.11,3.01,"645,397.00",0.59,0.27,0.20,0.05,"565,488.00"
48.00,0.71,"587,041.00","22,000.00",32.66,"3,905.00",184.33,0.06,4.08,0.21,1.11,"14,083,906,357.00",1.43,0.05,38.20,66.70,335.00,0.21,0.22,0.18,"26,969,307.00",0.86,0.10,0.38,0.02,"10,210,849.00"
203.00,0.61,"118,484.00","15,000.00",34.12,"1,298.00",418.34,0.09,4.21,0.33,1.15,"7,666,704,427.00",1.43,0.01,35.30,63.80,349.00,0.12,0.11,0.04,"18,628,747.00",0.77,0.17,0.35,0.06,"3,199,301.00"
99.00,0.26,"329,847.00","136,000.00",16.75,"248,289.00",121.46,0.01,2.00,0.68,0.45,"364,701,517,788.00",1.05,0.45,6.70,76.00,29.00,0.93,0.37,1.51,"32,447,385.00",0.64,0.12,0.39,0.03,"24,475,766.00"
"1,802.00",0.26,298.00,"5,000.00",14.20,"1,445.00",99.70,0.00,1.87,0.03,1.63,"5,729,248,472.00",0.97,0.31,7.40,78.60,53.00,,0.16,4.56,"530,953.00",0.70,0.20,0.30,0.06,"213,645.00"
17.00,0.34,"1,240,192.00","18,000.00",41.54,"3,179.00",108.73,-0.02,5.88,0.04,1.12,"17,510,141,171.00",0.76,0.05,62.00,58.90,562.00,0.23,0.46,0.13,"19,658,031.00",0.71,0.12,0.55,0.07,"8,479,688.00"
"1,380.00",0.32,316.00,"2,000.00",9.20,"1,342.00",113.45,0.02,1.23,0.01,1.36,"14,786,156,563.00",1.05,0.54,6.10,82.30,6.00,5.07,0.37,2.86,"502,653.00",0.57,0.26,0.44,0.03,"475,902.00"
329.00,0.64,181.00,,29.03,143.00,,,4.05,0.70,1.44,"221,278,000.00",0.85,0.24,27.40,65.20,,2.00,0.10,0.42,"58,791.00",,0.18,0.66,,"45,514.00"
5.00,0.39,"1,030,700.00","21,000.00",33.69,"2,739.00",135.02,0.02,4.56,0.00,1.13,"7,593,752,450.00",1.00,0.05,51.50,64.70,766.00,0.53,0.48,0.19,"4,525,696.00",0.46,,0.67,0.10,"2,466,821.00"
626.00,0.42,"2,040.00","3,000.00",10.20,"4,349.00",129.91,0.00,1.41,0.19,1.12,"14,180,444,557.00",1.01,0.41,13.60,74.40,61.00,0.38,0.51,2.53,"1,265,711.00",0.58,0.19,0.22,0.07,"515,980.00"
66.00,0.55,"1,964,375.00","336,000.00",17.60,"486,406.00",141.54,0.04,2.13,0.34,0.73,"1,258,286,717,125.00",1.06,0.40,11.00,75.00,33.00,0.49,0.41,2.38,"126,014,024.00",0.61,0.13,0.55,0.03,"102,626,859.00"
784.00,0.31,702.00,,22.82,143.00,112.10,0.01,3.05,0.92,,"401,932,279.00",0.97,0.14,25.60,67.80,88.00,,0.03,0.18,"113,815.00",,0.25,0.61,,"25,963.00"
123.00,0.74,"33,851.00","7,000.00",10.10,"5,115.00",166.20,0.05,1.26,0.13,0.80,"11,955,435,457.00",0.91,0.40,13.60,71.80,19.00,0.31,0.46,3.21,"2,657,637.00",0.43,0.18,0.39,0.05,"1,135,502.00"
"26,337.00",,2.00,,5.90,,,,,,2.00,"7,184,844,193.00",,,2.60,,,11.72,0.06,6.56,"38,964.00",,,,,"38,964.00"
2.00,0.72,"1,564,116.00","18,000.00",24.13,"25,368.00",195.76,0.07,2.90,0.08,0.72,"13,852,850,259.00",1.04,0.66,14.00,69.70,45.00,0.65,0.39,2.86,"3,225,167.00",0.60,0.17,0.26,0.06,"2,210,626.00"
47.00,0.19,"13,812.00","12,000.00",11.73,"2,017.00",116.32,0.03,1.75,0.62,1.16,"5,494,736,901.00",1.00,0.56,2.30,76.80,6.00,1.23,0.32,2.76,"622,137.00",0.54,,0.22,0.15,"417,765.00"
83.00,0.69,"446,550.00","246,000.00",18.94,"61,276.00",111.07,0.00,2.42,0.13,0.99,"118,725,279,596.00",1.14,0.36,19.20,76.50,70.00,1.60,0.53,0.73,"36,910,560.00",0.45,0.22,0.46,0.09,"22,975,026.00"
40.00,0.64,"799,380.00","11,000.00",37.52,"7,943.00",182.31,0.03,4.85,0.48,0.65,"14,934,159,926.00",1.13,0.07,54.00,60.20,289.00,0.27,0.07,0.08,"30,366,036.00",0.78,0.00,0.36,0.03,"11,092,106.00"
83.00,0.20,"676,578.00","513,000.00",17.55,"25,280.00",168.18,0.09,2.15,0.44,0.54,"76,085,852,617.00",1.12,0.19,36.80,66.90,250.00,0.39,0.74,0.68,"54,045,420.00",0.62,0.05,0.31,0.02,"16,674,093.00"
3.00,0.47,"824,292.00","16,000.00",28.64,"4,228.00",157.97,0.04,3.40,0.08,0.76,"12,366,527,719.00",1.24,0.23,29.00,63.40,195.00,,0.08,0.42,"2,494,530.00",0.60,0.27,0.21,0.20,"1,273,258.00"
541.00,,21.00,,,,,,,,,"133,000,000.00",,,,,,,,,"10,084.00",,,,,
203.00,0.29,"147,181.00","112,000.00",19.89,"9,105.00",188.73,0.06,1.92,0.25,0.91,"30,641,380,604.00",1.42,0.12,26.70,70.50,186.00,0.36,0.60,0.75,"28,608,710.00",0.84,0.21,0.42,0.01,"5,765,513.00"
508.00,0.53,"41,543.00","41,000.00",9.70,"170,780.00",115.91,0.03,1.59,0.11,1.68,"909,070,395,161.00",1.04,0.85,3.30,81.80,5.00,10.29,0.12,3.61,"17,332,850.00",0.64,0.23,0.41,0.03,"15,924,729.00"
18.00,0.41,"268,838.00","9,000.00",11.98,"34,382.00",114.24,0.02,1.71,0.39,1.40,"206,928,765,544.00",1.00,0.82,4.70,81.90,9.00,11.49,0.13,3.59,"4,841,000.00",0.70,0.29,0.35,0.04,"4,258,860.00"
55.00,0.42,"130,370.00","12,000.00",20.64,"5,592.00",162.74,0.05,2.40,0.26,0.91,"12,520,915,291.00",1.21,0.17,15.70,74.30,98.00,0.54,0.36,0.98,"6,545,502.00",0.66,0.16,0.61,0.07,"3,846,137.00"
19.00,0.36,"1,267,000.00","10,000.00",46.08,"2,017.00",109.32,-0.03,6.91,0.01,0.88,"12,928,145,120.00",0.75,0.04,48.00,62.00,509.00,0.29,0.52,0.04,"23,310,715.00",0.72,0.12,0.47,0.00,"3,850,231.00"
226.00,0.78,"923,768.00","215,000.00",37.91,"120,369.00",267.51,0.11,5.39,0.07,0.46,"448,120,428,859.00",0.85,0.10,75.70,54.30,917.00,0.54,0.72,0.38,"200,963,599.00",0.53,0.02,0.35,0.08,"102,806,948.00"
214.00,0.22,"120,538.00","1,469,000.00",13.89,"28,284.00",,,1.90,0.41,0.58,"32,100,000,000.00",1.13,0.27,13.70,72.10,89.00,,,3.67,"25,666,161.00",0.80,,,0.03,"15,947,412.00"
83.00,,"25,713.00",,,,,,,,,"10,220,781,069.00",,,,,,,0.36,,"1,836,713.00",,,,,
15.00,0.03,"323,802.00","23,000.00",10.40,"41,023.00",120.27,0.02,1.56,0.33,1.78,"403,336,363,636.00",1.00,0.82,2.10,82.80,2.00,,0.14,2.92,"5,347,896.00",0.64,0.24,0.36,0.03,"4,418,218.00"
16.00,0.05,"309,500.00","47,000.00",19.19,"63,457.00",113.53,0.00,2.89,0.00,0.45,"76,983,094,928.00",1.03,0.38,9.80,77.60,19.00,4.33,0.06,2.00,"5,266,535.00",0.72,0.03,0.27,0.03,"4,250,777.00"
287.00,0.48,"796,095.00","936,000.00",28.25,"201,150.00",182.32,0.11,3.51,0.02,0.79,"304,400,000,000.00",0.94,0.09,57.20,67.10,140.00,0.69,0.67,0.98,"216,565,318.00",0.53,0.09,0.34,0.04,"79,927,762.00"
39.00,0.11,459.00,,14.00,224.00,118.17,0.01,2.21,0.88,,"283,994,900.00",1.13,0.55,16.60,69.10,,3.00,0.22,1.18,"18,233.00",,0.21,0.77,,"14,491.00"
847.00,,,,,,,,,,,,,,,,,,,,,,,,,
58.00,0.30,"75,420.00","26,000.00",18.98,"10,715.00",122.07,0.00,2.46,0.62,0.74,"66,800,800,000.00",0.94,0.48,13.10,78.30,52.00,1.53,0.31,1.57,"4,246,439.00",0.67,,0.37,0.04,"2,890,084.00"
20.00,0.03,"462,840.00","4,000.00",27.07,"7,536.00",155.99,0.04,3.56,0.74,1.36,"24,969,611,435.00",1.09,0.02,38.00,64.30,145.00,1.16,0.06,0.07,"8,776,109.00",0.47,0.14,0.37,0.02,"1,162,834.00"
18.00,0.55,"406,752.00","27,000.00",20.57,"7,407.00",143.82,0.03,2.43,0.38,1.04,"38,145,288,940.00",1.04,0.35,17.20,74.10,129.00,1.55,0.37,1.35,"7,044,636.00",0.72,0.10,0.35,0.05,"4,359,150.00"
26.00,0.19,"1,285,216.00","158,000.00",17.95,"57,414.00",129.78,0.02,2.25,0.58,0.99,"226,848,050,820.00",1.07,0.71,11.10,76.50,88.00,1.28,0.31,1.27,"32,510,453.00",0.78,0.14,0.37,0.03,"25,390,339.00"
368.00,0.42,"300,000.00","153,000.00",20.55,"122,287.00",129.61,0.03,2.58,0.28,0.86,"376,795,508,680.00",1.08,0.36,22.50,71.10,121.00,1.12,0.54,0.60,"108,116,615.00",0.60,0.14,0.43,0.02,"50,975,903.00"
124.00,0.47,"312,685.00","191,000.00",10.20,"299,037.00",114.11,0.02,1.46,0.31,1.07,"592,164,400,688.00",1.00,0.68,3.80,77.60,2.00,2.93,0.23,2.38,"37,970,874.00",0.57,0.17,0.41,0.03,"22,796,574.00"
111.00,0.40,"92,212.00","52,000.00",8.50,"48,742.00",110.62,0.00,1.38,0.35,1.54,"237,686,075,635.00",1.06,0.64,3.10,81.30,8.00,3.78,0.28,5.12,"10,269,417.00",0.59,0.23,0.40,0.06,"6,753,579.00"
248.00,0.06,"11,586.00","22,000.00",9.54,"103,259.00",115.38,-0.01,1.87,0.00,0.40,"183,466,208,791.00",1.04,0.18,5.80,80.10,9.00,,0.06,2.49,"2,832,067.00",0.87,0.15,0.11,0.00,"2,809,071.00"
84.00,0.59,"238,391.00","126,000.00",9.60,"69,259.00",123.78,0.04,1.71,0.30,1.16,"250,077,444,017.00",0.85,0.49,6.10,75.40,19.00,2.25,0.21,2.98,"19,356,544.00",0.55,0.15,0.20,0.04,"10,468,793.00"
9.00,0.13,"17,098,240.00","1,454,000.00",11.50,"1,732,027.00",180.75,0.05,1.57,0.50,0.59,"1,699,876,578,871.00",1.03,0.82,6.10,72.70,17.00,0.53,0.36,4.01,"144,373,535.00",0.62,0.11,0.46,0.05,"107,683,889.00"
525.00,0.73,"26,338.00","35,000.00",31.70,"1,115.00",151.09,0.03,4.04,0.20,1.17,"10,122,472,590.00",1.33,0.07,27.00,68.70,248.00,,0.26,0.13,"12,626,950.00",0.84,0.14,0.33,0.01,"2,186,104.00"
205.00,0.23,261.00,,12.60,238.00,104.57,-0.01,2.11,0.42,,"1,050,992,593.00",1.09,0.87,9.80,71.30,,3.33,0.57,2.52,"52,823.00",,0.19,0.50,,"16,269.00"
301.00,0.17,616.00,,12.00,414.00,110.13,0.02,1.44,0.33,1.30,"2,122,450,630.00",1.03,0.14,14.90,76.10,117.00,,0.48,0.64,"182,790.00",0.67,0.18,0.35,0.21,"34,280.00"
284.00,0.26,389.00,,14.24,220.00,109.67,0.02,1.89,0.69,,"825,385,185.00",1.13,0.24,14.80,72.40,68.00,1.16,0.21,0.66,"100,455.00",0.66,0.25,0.37,0.19,"58,185.00"
70.00,0.12,"2,831.00",,24.38,246.00,117.56,0.01,3.88,0.60,0.91,"850,655,017.00",1.11,0.08,13.60,73.20,43.00,0.78,0.12,0.34,"202,506.00",0.44,0.26,0.19,0.08,"35,588.00"
566.00,0.17,61.00,,6.80,,110.63,0.01,1.26,0.00,,"1,637,931,034.00",1.08,0.43,1.70,85.40,,,0.18,6.11,"33,860.00",,0.18,0.36,,"32,969.00"
228.00,0.51,964.00,"1,000.00",31.54,121.00,185.09,0.08,4.32,0.56,,"429,016,605.00",1.07,0.13,24.40,70.20,130.00,,0.12,0.05,"215,056.00",0.58,0.15,0.37,0.13,"158,277.00"
16.00,0.81,"2,149,690.00","252,000.00",17.80,"563,449.00",118.40,-0.01,2.32,0.01,0.24,"792,966,838,162.00",1.00,0.68,6.00,75.00,17.00,3.85,0.15,2.61,"34,268,528.00",0.56,0.09,0.16,0.06,"28,807,838.00"
87.00,0.46,"196,722.00","19,000.00",34.52,"10,902.00",109.25,0.02,4.63,0.43,1.14,"23,578,084,052.00",0.81,0.13,31.80,67.70,315.00,0.31,0.44,0.07,"16,296,364.00",0.46,0.16,0.45,0.07,"7,765,706.00"
100.00,0.39,"77,474.00","32,000.00",9.20,"45,221.00",144.00,0.02,1.49,0.31,1.16,"51,409,167,351.00",1.00,0.67,4.80,75.50,12.00,1.57,0.41,3.11,"6,944,975.00",0.55,0.19,0.37,0.13,"3,907,243.00"
214.00,0.03,455.00,0.00,17.10,605.00,129.96,0.02,2.41,0.88,,"1,698,843,063.00",1.00,0.17,12.40,72.80,53.00,2.00,0.03,0.95,"97,625.00",,0.34,0.30,,"55,762.00"
111.00,0.55,"71,740.00","9,000.00",33.41,"1,093.00",234.16,0.15,4.26,0.43,1.08,"3,941,474,311.00",1.13,0.02,78.50,54.30,"1,120.00",0.57,0.38,0.03,"7,813,215.00",0.58,0.09,0.31,0.04,"3,319,366.00"
"8,358.00",0.01,716.00,"81,000.00",8.80,"37,535.00",114.41,0.01,1.14,0.23,1.25,"372,062,527,489.00",1.01,0.85,2.30,83.10,8.00,,0.37,2.29,"5,703,569.00",0.71,0.13,0.21,0.04,"5,703,569.00"
114.00,0.39,"49,035.00","16,000.00",10.60,"32,424.00",115.34,0.03,1.52,0.40,1.32,"105,422,304,976.00",0.99,0.47,4.60,77.20,5.00,3.11,0.18,3.42,"5,454,073.00",0.60,0.19,0.50,0.06,"2,930,419.00"
103.00,0.31,"20,273.00","7,000.00",9.40,"12,633.00",111.05,0.02,1.60,0.62,1.32,"53,742,159,517.00",1.00,0.79,1.70,81.00,7.00,5.25,0.13,3.09,"2,087,946.00",0.58,0.19,0.31,0.04,"1,144,654.00"
25.00,0.04,"28,896.00",,32.44,169.00,133.06,0.02,4.40,0.78,,"1,425,074,226.00",1.06,,17.10,72.80,104.00,0.40,0.03,0.19,"669,823.00",0.84,0.30,0.32,0.01,"162,164.00"
25.00,0.70,"637,657.00","20,000.00",41.75,645.00,,,6.07,0.10,1.41,"4,720,727,278.00",0.23,0.03,76.60,57.10,829.00,,,0.02,"15,442,905.00",0.47,0.00,,0.11,"7,034,861.00"
49.00,0.80,"1,219,090.00","80,000.00",20.51,"476,644.00",158.93,0.04,2.41,0.08,0.92,"351,431,649,241.00",1.01,0.22,28.50,63.90,119.00,,0.08,0.91,"58,558,270.00",0.56,0.28,0.29,0.28,"39,149,717.00"
527.00,0.17,"99,720.00","634,000.00",6.40,"620,302.00",115.16,0.00,0.98,0.63,1.22,"2,029,000,000,000.00",0.98,0.94,2.70,82.60,11.00,6.49,0.37,2.36,"51,709,098.00",0.63,0.16,0.33,0.04,"42,106,719.00"
18.00,,"644,329.00","185,000.00",35.01,"1,727.00","4,583.71",1.88,4.70,,0.28,"11,997,800,751.00",0.73,,63.70,57.60,"1,150.00",,0.61,,"11,062,113.00",0.72,,0.31,0.12,"2,201,250.00"
94.00,0.53,"505,370.00","196,000.00",7.90,"244,002.00",110.96,0.01,1.26,0.37,1.26,"1,394,116,310,769.00",1.03,0.89,2.50,83.30,4.00,5.60,0.24,3.87,"47,076,781.00",0.58,0.14,0.47,0.14,"37,927,409.00"
341.00,0.44,"65,610.00","317,000.00",15.83,"23,362.00",155.53,0.04,2.20,0.33,0.88,"84,008,783,756.00",1.00,0.20,6.40,76.80,36.00,0.35,0.38,1.00,"21,803,000.00",0.54,0.12,0.55,0.04,"4,052,088.00"
25.00,0.29,"1,861,484.00","124,000.00",32.18,"20,000.00","1,344.19",0.51,4.41,0.08,0.95,"18,902,284,476.00",0.77,0.17,42.10,65.10,295.00,0.41,0.63,0.26,"42,813,238.00",0.48,0.08,0.45,0.17,"14,957,233.00"
4.00,0.01,"163,820.00","2,000.00",18.54,"1,738.00",294.66,0.22,2.42,0.98,1.29,"3,985,250,737.00",1.09,0.13,16.90,71.60,120.00,,0.10,1.21,"581,372.00",0.51,0.20,0.28,0.07,"384,258.00"
25.00,0.07,"450,295.00","30,000.00",11.40,"43,252.00",110.51,0.02,1.76,0.69,1.42,"530,832,908,738.00",1.27,0.67,2.20,82.50,4.00,,0.15,3.98,"10,285,453.00",0.65,0.28,0.49,0.06,"9,021,165.00"
219.00,0.38,"41,277.00","21,000.00",10.00,"34,477.00",99.55,0.00,1.52,0.32,1.45,"703,082,435,360.00",1.05,0.60,3.70,83.60,5.00,,0.28,4.30,"8,574,832.00",0.68,0.10,0.29,0.05,"6,332,428.00"
95.00,0.76,"185,180.00","239,000.00",23.69,"28,830.00",143.20,0.37,2.81,0.03,0.83,"40,405,006,007.00",0.82,0.40,14.00,71.80,31.00,1.02,0.54,1.22,"17,070,135.00",0.44,0.14,0.43,0.08,"9,358,019.00"
68.00,0.34,"144,100.00","17,000.00",30.76,"5,310.00",148.57,0.06,3.59,0.03,0.71,"8,116,626,794.00",1.01,0.31,30.40,70.90,17.00,0.23,0.63,1.70,"9,321,018.00",0.42,0.10,0.67,0.11,"2,545,477.00"
67.00,0.45,"947,300.00","28,000.00",36.70,"11,973.00",187.43,0.04,4.89,0.52,0.87,"63,177,068,175.00",0.94,0.04,37.60,65.00,524.00,0.09,0.26,0.01,"58,005,463.00",0.83,0.12,0.44,0.02,"20,011,885.00"
137.00,0.43,"513,120.00","455,000.00",10.34,"283,763.00",113.27,0.01,1.53,0.32,0.71,"543,649,976,166.00",1.00,0.49,7.80,76.90,37.00,1.06,0.12,0.81,"69,625,582.00",0.67,0.15,0.30,0.01,"35,294,600.00"
89.00,0.26,"14,874.00","2,000.00",29.42,495.00,145.38,0.03,4.02,0.45,1.10,"1,673,540,300.00",1.15,0.18,39.30,69.30,142.00,0.60,0.10,0.72,"3,500,000.00",0.67,0.25,0.17,0.05,"400,182.00"
152.00,0.70,"56,785.00","10,000.00",33.11,"3,000.00",113.30,0.01,4.32,0.03,0.71,"5,459,979,417.00",1.24,0.15,47.40,60.80,396.00,0.34,0.51,0.08,"8,082,366.00",0.78,0.17,0.48,0.02,"3,414,638.00"
147.00,0.46,747.00,,24.30,128.00,121.09,0.07,3.56,0.13,,"450,353,314.00",1.16,0.06,13.40,70.80,52.00,,0.10,0.52,"100,209.00",0.60,0.22,0.28,0.01,"24,145.00"
273.00,0.11,"5,128.00","4,000.00",12.94,"43,868.00",141.75,0.01,1.73,0.46,0.54,"24,100,202,834.00",1.06,0.12,16.40,73.40,67.00,2.25,0.37,4.17,"1,394,973.00",0.60,0.20,0.41,0.03,"741,944.00"
76.00,0.65,"163,610.00","48,000.00",17.56,"29,937.00",155.33,0.07,2.20,0.07,0.73,"38,797,709,924.00",1.15,0.32,14.60,76.50,43.00,0.47,0.40,1.30,"11,694,719.00",0.46,0.21,0.61,0.16,"8,099,061.00"
110.00,0.50,"783,562.00","512,000.00",16.03,"372,725.00",234.44,0.15,2.07,0.15,1.42,"754,411,708,203.00",0.93,0.24,9.10,77.40,17.00,3.45,0.17,1.85,"83,429,615.00",0.53,0.18,0.42,0.13,"63,097,818.00"
13.00,0.72,"488,100.00","42,000.00",23.83,"70,630.00",,,2.79,0.09,0.29,"40,761,142,857.00",0.88,0.08,39.30,68.10,7.00,0.88,0.71,2.22,"5,942,089.00",0.65,,,0.04,"3,092,738.00"
393.00,0.60,26.00,,,11.00,,,,0.33,,"47,271,463.00",0.86,,20.60,,,,0.01,0.92,"11,646.00",,,,,"7,362.00"
229.00,0.72,"241,038.00","46,000.00",38.14,"5,680.00",173.87,0.03,4.96,0.10,0.94,"34,387,229,486.00",1.03,0.05,33.80,63.00,375.00,0.01,0.41,0.17,"44,269,594.00",0.70,0.12,0.34,0.02,"10,784,516.00"
75.00,0.72,"603,550.00","297,000.00",8.70,"202,250.00",281.66,0.08,1.30,0.17,0.83,"153,781,069,118.00",0.99,0.83,7.50,71.60,19.00,0.84,0.48,2.99,"44,385,155.00",0.54,0.20,0.45,0.09,"30,835,699.00"
118.00,0.06,"83,600.00","63,000.00",10.33,"206,324.00",114.52,-0.02,1.41,0.05,0.49,"421,142,267,938.00",1.08,0.37,6.50,77.80,3.00,,0.18,2.53,"9,770,529.00",0.82,0.00,0.16,0.02,"8,479,744.00"
281.00,0.72,"243,610.00","148,000.00",11.00,"379,025.00",119.62,0.02,1.68,0.13,1.46,"2,827,113,184,696.00",1.01,0.60,3.60,81.30,7.00,10.13,0.15,2.81,"66,834,405.00",0.63,0.26,0.31,0.04,"55,908,316.00"
36.00,0.44,"9,833,517.00","1,359,000.00",11.60,"5,006,302.00",117.24,0.08,1.73,0.34,0.71,"21,427,700,000,000.00",1.02,0.88,5.60,78.50,19.00,7.25,0.11,2.61,"328,239,523.00",0.62,0.10,0.37,0.15,"270,663,028.00"
20.00,0.83,"176,215.00","22,000.00",13.86,"6,766.00",202.92,0.08,1.97,0.11,1.50,"56,045,912,952.00",1.09,0.63,6.40,77.80,17.00,1.66,0.16,5.05,"3,461,734.00",0.64,0.20,0.42,0.09,"3,303,394.00"
79.00,0.63,"447,400.00","68,000.00",23.30,"91,811.00",,,2.42,0.08,1.03,"57,921,286,440.00",1.04,0.10,19.10,71.60,29.00,0.24,0.43,2.37,"33,580,650.00",0.65,0.15,0.32,0.06,"16,935,729.00"
25.00,0.15,"12,189.00",,29.60,147.00,117.13,0.03,3.78,0.36,1.31,"917,058,851.00",1.09,0.05,22.30,70.30,72.00,1.56,0.09,0.17,"299,882.00",0.70,0.18,0.09,0.04,"76,152.00"
32.00,0.25,"912,050.00","343,000.00",17.88,"164,175.00","2,740.27",2.55,2.27,0.53,0.00,"482,359,318,768.00",0.97,0.79,21.40,72.10,125.00,0.01,0.46,1.92,"28,515,829.00",0.60,,0.73,0.09,"25,162,368.00"
314.00,0.39,"331,210.00","522,000.00",16.75,"192,668.00",163.52,0.03,2.05,0.48,0.80,"261,921,244,843.00",1.11,0.29,16.50,75.30,43.00,0.73,0.44,0.82,"96,462,106.00",0.77,0.19,0.38,0.02,"35,332,140.00"
56.00,0.45,"527,968.00","40,000.00",30.45,"10,609.00",157.58,0.08,3.79,0.01,0.92,"26,914,402,224.00",0.94,0.10,42.90,66.10,164.00,,0.81,0.31,"29,161,922.00",0.38,,0.27,0.13,"10,869,523.00"
25.00,0.32,"752,618.00","16,000.00",36.19,"5,141.00",212.31,0.09,4.63,0.65,1.40,"23,064,722,446.00",0.99,0.04,40.40,63.50,213.00,0.24,0.28,1.19,"17,861,030.00",0.75,0.16,0.16,0.11,"7,871,713.00"
38.00,0.42,"390,757.00","51,000.00",30.68,"10,983.00",105.51,0.01,3.62,0.36,1.34,"21,440,758,800.00",1.10,0.10,33.90,61.20,458.00,,0.26,0.21,"14,645,468.00",0.83,0.21,0.32,0.05,"4,717,305.00"